comparison,metric,group_a,group_b,n_a,n_b,mean_a,mean_b,sd_a,sd_b,ci_a_low,ci_a_high,ci_b_low,ci_b_high,t_stat,t_p,mwu_stat,mwu_p
CLUSTERIDS vs B1,detection_rate,CLUSTERIDS,B1,232700,53700,0.01297258874086807,0.0,0.11293279580689557,0.0,0.01249337921143103,0.013440242092823379,0.0,0.0,55.41211948823677,0.0,6340627500.0,2.89230504638582e-177
CLUSTERIDS vs B1,fpr,CLUSTERIDS,B1,205850,0,0.004999999999999999,nan,8.673638447770801e-19,0.0,0.004999999999999999,0.004999999999999999,nan,nan,nan,nan,nan,nan
CLUSTERIDS full vs eco,detection_rate,full,eco,26850,26850,0.0004648603351955307,0.0004648603351955307,0.013146224697494806,0.013146224697494806,0.00032024469273743016,0.0006356669459962755,0.00032024469273743016,0.0006356669459962755,0.0,1.0,360461250.0,1.0
