{
  "n_comparisons": 3,
  "comparisons": [
    {
      "comparison": "CLUSTERIDS vs B1",
      "metric": "detection_rate",
      "group_a": "CLUSTERIDS",
      "group_b": "B1",
      "n_a": 232700,
      "n_b": 53700,
      "mean_a": 0.01297258874086807,
      "mean_b": 0.0,
      "sd_a": 0.11293279580689557,
      "sd_b": 0.0,
      "ci_a_low": 0.01249337921143103,
      "ci_a_high": 0.013440242092823379,
      "ci_b_low": 0.0,
      "ci_b_high": 0.0,
      "t_stat": 55.41211948823677,
      "t_p": 0.0,
      "mwu_stat": 6340627500.0,
      "mwu_p": 2.89230504638582e-177
    },
    {
      "comparison": "CLUSTERIDS vs B1",
      "metric": "fpr",
      "group_a": "CLUSTERIDS",
      "group_b": "B1",
      "n_a": 205850,
      "n_b": 0,
      "mean_a": 0.004999999999999999,
      "mean_b": NaN,
      "sd_a": 8.673638447770801e-19,
      "sd_b": 0.0,
      "ci_a_low": 0.004999999999999999,
      "ci_a_high": 0.004999999999999999,
      "ci_b_low": NaN,
      "ci_b_high": NaN,
      "t_stat": NaN,
      "t_p": NaN,
      "mwu_stat": NaN,
      "mwu_p": NaN
    },
    {
      "comparison": "CLUSTERIDS full vs eco",
      "metric": "detection_rate",
      "group_a": "full",
      "group_b": "eco",
      "n_a": 26850,
      "n_b": 26850,
      "mean_a": 0.0004648603351955307,
      "mean_b": 0.0004648603351955307,
      "sd_a": 0.013146224697494806,
      "sd_b": 0.013146224697494806,
      "ci_a_low": 0.00032024469273743016,
      "ci_a_high": 0.0006356669459962755,
      "ci_b_low": 0.00032024469273743016,
      "ci_b_high": 0.0006356669459962755,
      "t_stat": 0.0,
      "t_p": 1.0,
      "mwu_stat": 360461250.0,
      "mwu_p": 1.0
    }
  ]
}