comparison,metric,group_a,group_b,n_a,n_b,mean_a,mean_b,sd_a,sd_b,ci_a_low,ci_a_high,ci_b_low,ci_b_high,t_stat,t_p,mwu_stat,mwu_p
CLUSTERIDS vs B1,detection_rate,CLUSTERIDS,B1,60,20,0.9320916666666667,0.7822549999999999,0.02136314180273154,0.02095261508612633,0.9266216666666666,0.9376121249999999,0.772905,0.791040125,27.560552483863543,1.9405766500025914e-24,1200.0,2.7162072693776404e-11
CLUSTERIDS vs B2,detection_rate,CLUSTERIDS,B2,60,20,0.9320916666666667,0.826445,0.02136314180273154,0.01516198414317515,0.9266216666666666,0.9376121249999999,0.8201048749999998,0.8330551250000001,24.173042989185543,8.784779668002482e-28,1200.0,2.7162072693776404e-11
CLUSTERIDS vs B3,detection_rate,CLUSTERIDS,B3,60,20,0.9320916666666667,0.857225,0.02136314180273154,0.023565181161151603,0.9266216666666666,0.9376121249999999,0.8473396249999999,0.8674302500000001,12.58800589674022,1.5828189851329577e-13,1195.0,3.958224209749803e-11
CLUSTERIDS vs B1,fpr,CLUSTERIDS,B1,60,20,0.031485,0.028945,0.008823731963444484,0.007455021267928293,0.029303208333333337,0.03366020833333333,0.025740000000000002,0.032200374999999996,1.2580263905996427,0.21601690802086476,698.5,0.2761888145667448
CLUSTERIDS vs B2,fpr,CLUSTERIDS,B2,60,20,0.031485,0.050629999999999994,0.008823731963444484,0.006390873426840399,0.029303208333333337,0.03366020833333333,0.047854875,0.053285000000000006,-10.475990654210339,1.1971205140821108e-13,57.0,1.6604787324198383e-09
CLUSTERIDS vs B3,fpr,CLUSTERIDS,B3,60,20,0.031485,0.026685000000000004,0.008823731963444484,0.008167411172651826,0.029303208333333337,0.03366020833333333,0.023280000000000002,0.030170249999999992,2.230034600735443,0.032265104526212,801.5,0.025518346986709985
CLUSTERIDS vs B2,alert_overhead_pkt_h,CLUSTERIDS,B2,60,20,42.07333333333334,79.4,6.4328833893181185,4.860582594493662,40.558208333333326,43.71841666666667,77.33500000000001,81.570125,-27.288936607923826,9.210137575746077e-29,0.0,2.7082804542037692e-11
CLUSTERIDS full vs eco,detection_rate,full,eco,20,20,0.950515,0.8170249999999999,0.01997746822903507,0.020412634761214354,0.94208425,0.9594902500000001,0.809444875,0.8267054999999999,20.901553349215053,1.965552767297829e-22,400.0,6.79561512817336e-08
