comparison,metric,group_a,group_b,n_a,n_b,mean_a,mean_b,sd_a,sd_b,ci_a_low,ci_a_high,ci_b_low,ci_b_high,t_stat,t_p,mwu_stat,mwu_p
CLUSTERIDS vs B1,detection_rate,CLUSTERIDS,B1,23,6,0.8057497826086957,0.0,0.3815444533371697,0.0,0.6431576010869565,0.9565217391304348,0.0,0.0,10.127889878987013,9.574743517364975e-10,132.0,9.233047506051057e-05
CLUSTERIDS vs B2,detection_rate,CLUSTERIDS,B2,23,7,0.8057497826086957,0.0,0.3815444533371697,0.0,0.6431576010869565,0.9565217391304348,0.0,0.0,10.127889878987013,9.574743517364975e-10,154.0,3.9209960497064266e-05
CLUSTERIDS vs B3,detection_rate,CLUSTERIDS,B3,23,1,0.8057497826086957,0.0,0.3815444533371697,0.0,0.6431576010869565,0.9565217391304348,0.0,0.0,nan,nan,nan,nan
CLUSTERIDS vs B1,fpr,CLUSTERIDS,B1,23,6,0.0043478260869565235,0.0,0.001721751107875455,0.0,0.003478260869565218,0.005000000000000002,0.0,0.0,12.110601416389969,3.332690377669581e-11,129.0,6.461041061376553e-05
CLUSTERIDS vs B2,fpr,CLUSTERIDS,B2,23,7,0.0043478260869565235,0.0,0.001721751107875455,0.0,0.003478260869565218,0.005000000000000002,0.0,0.0,12.110601416389969,3.332690377669581e-11,150.5,3.026825205305589e-05
CLUSTERIDS vs B3,fpr,CLUSTERIDS,B3,23,1,0.0043478260869565235,0.0,0.001721751107875455,0.0,0.003478260869565218,0.005000000000000002,0.0,0.0,nan,nan,nan,nan
CLUSTERIDS vs B2,alert_overhead_pkt_h,CLUSTERIDS,B2,23,7,0.0,0.0,0.0,0.0,0.0,0.0,0.0,0.0,nan,nan,80.5,nan
CLUSTERIDS full vs eco,detection_rate,full,eco,0,0,nan,nan,0.0,0.0,nan,nan,nan,nan,nan,nan,nan,nan
